image_id,healthy,multiple_diseases,rust,scab
Test_0,0,0,1,0
Test_1,0,0.001,0.998,0
Test_2,0,0,0,1
Test_3,1,0,0,0
Test_4,0,0,1,0
Test_5,0.888,0.004,0.102,0.006
Test_6,0.989,0.001,0.005,0.005
Test_7,0,0.006,0,0.994
Test_8,0.003,0.89,0.018,0.089
Test_9,0,0.001,0.999,0
Test_10,0,0.001,0.999,0
Test_11,0.261,0.016,0.719,0.005
Test_12,0.003,0.009,0,0.988
Test_13,0.999,0,0.001,0
Test_14,0,0,1,0
Test_15,0,0.001,0.999,0
Test_16,0.999,0,0.001,0
Test_17,0,0.778,0.007,0.215
Test_18,0.843,0.018,0.014,0.126
Test_19,0,0,1,0
Test_20,0.001,0.003,0,0.996
Test_21,0.998,0,0,0.002
Test_22,0,0,1,0
Test_23,0,0,0,1
Test_24,0.596,0.132,0.001,0.271
Test_25,0.003,0,0,0.996
Test_26,0.012,0.654,0.101,0.233
Test_27,0,0,1,0
Test_28,1,0,0,0
Test_29,0.008,0.658,0.239,0.096
Test_30,0.962,0.004,0.031,0.003
Test_31,0.017,0.361,0.589,0.033
Test_32,0.022,0.045,0.057,0.876
Test_33,0.01,0.012,0,0.978
Test_34,0.004,0.045,0.003,0.947
Test_35,0,0.001,0,0.999
Test_36,0,0,1,0
Test_37,0.006,0.141,0.001,0.852
Test_38,0,0.303,0,0.697
Test_39,0,0,1,0
Test_40,0,0,1,0
Test_41,0,0,1,0
Test_42,0.003,0.093,0,0.904
Test_43,0,0.002,0.998,0
Test_44,0.005,0.896,0.038,0.061
Test_45,0.01,0.744,0.138,0.108
Test_46,0.03,0.101,0.001,0.868
Test_47,0,0,1,0
Test_48,0,0,1,0
Test_49,0,0,1,0
Test_50,0,0,1,0
Test_51,0,0.004,0.995,0.001
Test_52,0,0,1,0
Test_53,0,0,1,0
Test_54,0.315,0.025,0.658,0.003
Test_55,0,0.011,0.004,0.984
Test_56,0.003,0.825,0.077,0.094
Test_57,0.719,0.008,0.235,0.038
Test_58,0,0.001,0,0.999
Test_59,0,0.417,0.563,0.019
Test_60,0,0.001,0,0.999
Test_61,0.995,0.001,0.002,0.002
Test_62,0.003,0.504,0.389,0.103
Test_63,0.003,0.097,0,0.9
Test_64,0.067,0.194,0.063,0.676
Test_65,0.001,0.011,0.986,0.002
Test_66,0.953,0.007,0.037,0.003
Test_67,0,0,1,0
Test_68,0,0.086,0.001,0.912
Test_69,0,0,1,0
Test_70,0.002,0.022,0,0.976
Test_71,0,0,1,0
Test_72,0,0,0,1
Test_73,1,0,0,0
Test_74,0.828,0.008,0.158,0.006
Test_75,0.349,0.192,0.06,0.399
Test_76,0.999,0,0,0.001
Test_77,0,0,1,0
Test_78,0,0.105,0,0.894
Test_79,0.235,0.209,0.009,0.546
Test_80,0.001,0.18,0.8,0.019
Test_81,0,0.045,0.951,0.004
Test_82,0,0.184,0.806,0.009
Test_83,0,0.004,0.996,0
Test_84,0.023,0.001,0,0.976
Test_85,0.032,0.247,0.067,0.654
Test_86,0.005,0.11,0.868,0.017
Test_87,0.637,0.065,0.004,0.294
Test_88,0,0.299,0,0.701
Test_89,0.4,0.133,0.014,0.453
Test_90,0,0,1,0
Test_91,0.998,0,0.001,0.001
Test_92,0.995,0,0,0.005
Test_93,0,0,1,0
Test_94,0,0.002,0,0.998
Test_95,0.998,0,0.001,0.001
Test_96,0.001,0.001,0,0.998
Test_97,0.978,0.001,0.003,0.018
Test_98,0.011,0.259,0.005,0.724
Test_99,0.155,0.27,0.206,0.369
Test_100,0,0.001,0,0.999
Test_101,0.039,0.005,0,0.955
Test_102,0.012,0.015,0,0.974
Test_103,0.003,0.815,0.143,0.039
Test_104,0,0.186,0.002,0.812
Test_105,0,0,0,0.999
Test_106,0.998,0,0,0.002
Test_107,0,0.011,0.989,0.001
Test_108,0.021,0.409,0.029,0.541
Test_109,0.722,0.093,0.121,0.063
Test_110,0.999,0,0,0.001
Test_111,0.299,0.082,0.023,0.596
Test_112,0,0.002,0.998,0
Test_113,0.14,0.553,0.032,0.276
Test_114,0.013,0.679,0.106,0.203
Test_115,0,0.001,0.999,0.001
Test_116,0.002,0.013,0.978,0.007
Test_117,0,0,1,0
Test_118,0,0,1,0
Test_119,0.392,0.012,0.592,0.004
Test_120,0,0.001,0.999,0
Test_121,0,0.002,0.992,0.006
Test_122,0,0.001,0.999,0
Test_123,0,0,0.999,0
Test_124,0,0.054,0,0.945
Test_125,0,0.737,0.005,0.257
Test_126,0.994,0,0.006,0
Test_127,0.005,0.002,0,0.993
Test_128,0,0.194,0.781,0.024
Test_129,0,0.009,0.987,0.004
Test_130,0,0,0,1
Test_131,0.002,0.002,0,0.996
Test_132,0.995,0.001,0.003,0.001
Test_133,0,0,0,0.999
Test_134,0.052,0.002,0,0.946
Test_135,0,0.006,0.993,0.001
Test_136,0,0,0,1
Test_137,0,0,1,0
Test_138,0,0,1,0
Test_139,0.999,0,0.001,0
Test_140,0,0.022,0.976,0.002
Test_141,0,0,0,1
Test_142,0.048,0.335,0.017,0.601
Test_143,0.658,0.055,0.006,0.281
Test_144,1,0,0,0
Test_145,0.034,0.315,0.004,0.647
Test_146,0,0,1,0
Test_147,0,0.002,0.998,0
Test_148,0.229,0.333,0.16,0.278
Test_149,0.02,0.014,0.958,0.009
Test_150,0.007,0.782,0.041,0.17
Test_151,0,0,1,0
Test_152,0.005,0.007,0.988,0
Test_153,0,0,0,1
Test_154,0,0.002,0.998,0
Test_155,0,0.001,0.999,0
Test_156,0.014,0.002,0,0.983
Test_157,0.013,0.021,0.964,0.002
Test_158,0.002,0.003,0,0.995
Test_159,0,0.003,0.997,0
Test_160,0.822,0.03,0.114,0.034
Test_161,0.001,0.002,0,0.997
Test_162,0,0,1,0
Test_163,0.005,0.365,0.583,0.047
Test_164,0.012,0.159,0.015,0.814
Test_165,0,0.014,0,0.986
Test_166,0,0,1,0
Test_167,0,0.001,0.999,0
Test_168,0.001,0.196,0.724,0.079
Test_169,0,0,1,0
Test_170,0.077,0.025,0.003,0.895
Test_171,0,0,1,0
Test_172,0,0.005,0.995,0
Test_173,0,0,1,0
Test_174,0.009,0.004,0,0.987
Test_175,0.187,0.115,0.016,0.681
Test_176,0,0.001,0.999,0
Test_177,0.027,0.008,0.001,0.964
Test_178,0,0,0,1
Test_179,0.003,0.008,0.976,0.014
Test_180,0,0.027,0.971,0.002
Test_181,0,0.004,0,0.996
Test_182,0,0.014,0.984,0.002
Test_183,0.991,0.001,0.002,0.007
Test_184,0.012,0.04,0.004,0.944
Test_185,0.001,0.002,0,0.998
Test_186,0.003,0.076,0,0.921
Test_187,0,0.001,0.999,0
Test_188,0,0.001,0.999,0
Test_189,0.998,0,0.001,0.002
Test_190,0.073,0.414,0.394,0.119
Test_191,0.001,0.005,0.993,0.002
Test_192,0.016,0.013,0.962,0.009
Test_193,0,0,1,0
Test_194,0,0,1,0
Test_195,0.99,0.003,0.001,0.006
Test_196,0.002,0.341,0.004,0.654
Test_197,0,0.035,0.963,0.002
Test_198,0.009,0.009,0,0.982
Test_199,0.007,0.638,0.188,0.167
Test_200,0.001,0.018,0.974,0.006
Test_201,0.002,0.033,0.003,0.962
Test_202,0,0.004,0.995,0.001
Test_203,0,0.005,0.995,0
Test_204,0.001,0.001,0,0.998
Test_205,0.016,0.001,0,0.983
Test_206,0,0,0,1
Test_207,0,0.004,0.994,0.002
Test_208,0.316,0.16,0.026,0.498
Test_209,0,0.006,0.993,0
Test_210,0,0.022,0.001,0.977
Test_211,0,0.251,0.736,0.013
Test_212,0,0,1,0
Test_213,0.017,0.745,0.054,0.184
Test_214,0,0,1,0
Test_215,0.266,0.294,0.041,0.399
Test_216,0.999,0,0.001,0
Test_217,0,0,0,1
Test_218,0.997,0,0.002,0
Test_219,0,0,1,0
Test_220,0,0.001,0,0.999
Test_221,0.867,0.042,0.014,0.077
Test_222,0.001,0.006,0.993,0.001
Test_223,0,0,1,0
Test_224,0.015,0.2,0.649,0.136
Test_225,0.932,0.003,0.047,0.018
Test_226,0.004,0.016,0.978,0.002
Test_227,0,0,0,1
Test_228,0,0,1,0
Test_229,0,0.001,0.999,0
Test_230,0,0.002,0,0.998
Test_231,0,0,0,1
Test_232,0.979,0.002,0.019,0.001
Test_233,0.998,0,0,0.001
Test_234,0.002,0.001,0,0.997
Test_235,0,0.015,0,0.985
Test_236,0.001,0.129,0.809,0.061
Test_237,0.001,0.43,0.003,0.566
Test_238,0,0,1,0
Test_239,0,0,0.999,0
Test_240,0,0.002,0.998,0
Test_241,0.001,0.033,0.935,0.031
Test_242,0.009,0.497,0.004,0.49
Test_243,0.989,0.001,0.008,0.003
Test_244,0,0.545,0.01,0.445
Test_245,0,0.19,0.805,0.005
Test_246,0.001,0.003,0,0.996
Test_247,0,0,0,1
Test_248,0.026,0.849,0.051,0.075
Test_249,0.001,0.037,0.918,0.044
Test_250,0.746,0.024,0.224,0.006
Test_251,0.993,0,0,0.006
Test_252,0,0.01,0.988,0.002
Test_253,0.001,0.012,0,0.987
Test_254,0.001,0.047,0,0.951
Test_255,0.032,0.009,0.001,0.958
Test_256,0,0,0,1
Test_257,0,0,1,0
Test_258,0.01,0.187,0.778,0.025
Test_259,0.023,0.628,0.073,0.276
Test_260,0.002,0,0,0.998
Test_261,0,0,1,0
Test_262,0.02,0.035,0.007,0.938
Test_263,0.995,0.001,0.002,0.002
Test_264,0.998,0,0.001,0.001
Test_265,0.011,0.019,0.965,0.005
Test_266,0,0,0,1
Test_267,0.999,0,0,0
Test_268,0,0.001,0.999,0
Test_269,0.98,0,0.002,0.018
Test_270,0.007,0.094,0,0.898
Test_271,0.312,0.073,0.007,0.608
Test_272,0.002,0.387,0.599,0.012
Test_273,0.999,0,0,0
Test_274,0,0,1,0
Test_275,0.049,0.244,0.583,0.124
Test_276,0.018,0.017,0.001,0.964
Test_277,0.048,0.663,0.041,0.248
Test_278,0,0,0,1
Test_279,0,0,1,0
Test_280,0.003,0.001,0,0.996
Test_281,0,0,0,1
Test_282,0,0.924,0.032,0.043
Test_283,0.026,0.08,0.884,0.009
Test_284,0.001,0.011,0.987,0.001
Test_285,0,0.004,0,0.996
Test_286,0,0,0,1
Test_287,0.013,0.284,0.25,0.452
Test_288,0,0.004,0,0.996
Test_289,0,0,0,1
Test_290,0,0.001,0.999,0
Test_291,0,0.002,0.997,0.001
Test_292,0.974,0.001,0.024,0.001
Test_293,0,0.001,0.999,0
Test_294,0.001,0.019,0.975,0.005
Test_295,0,0.022,0.974,0.004
Test_296,0.029,0.027,0.002,0.942
Test_297,0,0.021,0,0.979
Test_298,0,0.043,0.954,0.002
Test_299,0.001,0.392,0.545,0.062
Test_300,0.009,0.585,0.057,0.349
Test_301,0.998,0,0,0.001
Test_302,0,0.005,0,0.995
Test_303,0.97,0.003,0.003,0.024
Test_304,0.942,0.012,0.038,0.009
Test_305,0.945,0.023,0.008,0.024
Test_306,0,0.004,0,0.996
Test_307,0.947,0.011,0.039,0.003
Test_308,0.002,0.015,0.001,0.983
Test_309,0,0.003,0.996,0
Test_310,0,0.118,0.875,0.007
Test_311,0.005,0.357,0.483,0.154
Test_312,0,0.001,0,0.999
Test_313,0,0.004,0,0.996
Test_314,0.001,0.016,0,0.983
Test_315,0.14,0.009,0.011,0.839
Test_316,0,0.004,0.995,0
Test_317,0,0,1,0
Test_318,0.006,0.841,0.052,0.101
Test_319,0,0,1,0
Test_320,0,0,1,0
Test_321,0.945,0.015,0.035,0.005
Test_322,0.996,0.001,0.001,0.003
Test_323,0.228,0.117,0.626,0.029
Test_324,0,0,1,0
Test_325,0.03,0.002,0,0.968
Test_326,0,0.002,0.998,0
Test_327,0.001,0.015,0,0.984
Test_328,0,0,1,0
Test_329,0,0.001,0.999,0
Test_330,0,0,1,0
Test_331,0.106,0.607,0.04,0.247
Test_332,0.995,0.001,0.003,0.001
Test_333,0,0.001,0.999,0
Test_334,0,0,1,0
Test_335,0.997,0,0.001,0.002
Test_336,0,0.001,0.997,0.001
Test_337,0.999,0,0,0.001
Test_338,0.989,0,0.006,0.005
Test_339,0,0.001,0.999,0
Test_340,0.43,0.022,0.488,0.06
Test_341,0.999,0,0.001,0
Test_342,1,0,0,0
Test_343,0.043,0.042,0.002,0.913
Test_344,0,0,1,0
Test_345,0,0.002,0.998,0
Test_346,0,0,1,0
Test_347,0,0.001,0.998,0.001
Test_348,0,0,0,1
Test_349,0,0.21,0.762,0.027
Test_350,0,0.563,0.003,0.435
Test_351,0,0,1,0
Test_352,0.044,0.54,0.03,0.386
Test_353,0.023,0.321,0.014,0.642
Test_354,0,0,1,0
Test_355,0.002,0.082,0,0.916
Test_356,0.999,0,0.001,0
Test_357,0.999,0,0,0.001
Test_358,0.02,0.398,0.429,0.153
Test_359,0,0,0,1
Test_360,0,0.012,0,0.988
Test_361,0.998,0,0.002,0.001
Test_362,0.248,0.035,0.016,0.701
Test_363,0,0.001,0.999,0
Test_364,0,0,1,0
Test_365,0.001,0.002,0.997,0
Test_366,0,0,1,0
Test_367,0,0.001,0,0.999
Test_368,0.984,0.001,0.003,0.012
Test_369,0,0.033,0,0.966
Test_370,0,0,1,0
Test_371,0,0,0.999,0
Test_372,0,0,0,1
Test_373,0,0,1,0
Test_374,0.001,0.001,0.997,0.001
Test_375,0,0.001,0,0.999
Test_376,0.995,0.001,0.005,0
Test_377,0.999,0,0.001,0
Test_378,0,0,1,0
Test_379,0,0.02,0.977,0.003
Test_380,0,0.003,0,0.997
Test_381,0.125,0.593,0.015,0.267
Test_382,0,0.096,0,0.904
Test_383,0.577,0.024,0.003,0.397
Test_384,0,0,1,0
Test_385,0.001,0.008,0,0.99
Test_386,0,0.021,0.975,0.004
Test_387,0,0.013,0,0.987
Test_388,0.161,0.053,0,0.786
Test_389,0.948,0.001,0.05,0
Test_390,0.886,0.006,0.002,0.106
Test_391,0,0.002,0.998,0
Test_392,0,0.001,0.999,0
Test_393,0.002,0.003,0,0.995
Test_394,0,0,0,1
Test_395,0,0.006,0.993,0
Test_396,0.017,0.497,0.055,0.431
Test_397,0.04,0.048,0.005,0.908
Test_398,0,0,1,0
Test_399,0.024,0.02,0,0.956
Test_400,0,0.001,0.999,0
Test_401,0,0,1,0
Test_402,0,0,0,1
Test_403,0.002,0.06,0.921,0.017
Test_404,0,0.001,0,0.999
Test_405,0,0,0,1
Test_406,0,0,0,1
Test_407,0,0,0,1
Test_408,0,0.103,0,0.897
Test_409,0,0.004,0.98,0.016
Test_410,0,0,0,0.999
Test_411,1,0,0,0
Test_412,0.001,0.348,0.638,0.013
Test_413,0.997,0.001,0.001,0.001
Test_414,0,0,1,0
Test_415,0,0.005,0.993,0.001
Test_416,0.045,0.522,0.211,0.222
Test_417,0,0,1,0
Test_418,0.999,0,0.001,0
Test_419,0.997,0,0.003,0
Test_420,0,0.001,0.999,0
Test_421,0.038,0.006,0.001,0.954
Test_422,0.018,0.149,0,0.834
Test_423,0,0,1,0
Test_424,0,0,1,0
Test_425,0.23,0.098,0.001,0.671
Test_426,0,0,1,0
Test_427,0,0,0,1
Test_428,0,0.004,0,0.996
Test_429,0,0,1,0
Test_430,0,0,1,0
Test_431,0.835,0.039,0.085,0.041
Test_432,0.01,0.62,0.018,0.352
Test_433,0,0,0,1
Test_434,0,0,0,1
Test_435,0.996,0,0,0.003
Test_436,0,0.933,0.027,0.04
Test_437,0,0.003,0.996,0
Test_438,0,0.007,0.993,0
Test_439,0.003,0.095,0.881,0.021
Test_440,0,0,1,0
Test_441,0.547,0.025,0.11,0.318
Test_442,0,0,1,0
Test_443,0.014,0.219,0.001,0.766
Test_444,0.997,0,0,0.002
Test_445,0,0.006,0.994,0
Test_446,0,0.001,0.998,0.001
Test_447,0,0,1,0
Test_448,0,0,1,0
Test_449,0,0.004,0,0.996
Test_450,0,0,1,0
Test_451,0,0,1,0
Test_452,0.001,0.028,0.967,0.004
Test_453,0,0,0,1
Test_454,0,0.025,0.972,0.003
Test_455,0,0,0,1
Test_456,0,0.004,0.996,0
Test_457,0,0.002,0,0.998
Test_458,0.032,0.067,0.013,0.888
Test_459,0,0,1,0
Test_460,0.02,0.103,0.003,0.875
Test_461,0,0.001,0,0.999
Test_462,0,0.149,0.83,0.021
Test_463,0,0.001,0,0.999
Test_464,1,0,0,0
Test_465,0,0,1,0
Test_466,0,0.003,0.996,0
Test_467,0,0,0,1
Test_468,0.804,0.055,0.122,0.019
Test_469,0,0.008,0.99,0.002
Test_470,0.001,0.145,0,0.854
Test_471,0.002,0.018,0.702,0.277
Test_472,0.944,0.003,0.032,0.021
Test_473,0.004,0.101,0.829,0.066
Test_474,0,0,1,0
Test_475,0,0,0,1
Test_476,0,0.055,0.003,0.942
Test_477,0.002,0,0,0.998
Test_478,0,0.135,0.003,0.862
Test_479,0.316,0.023,0.001,0.659
Test_480,0.002,0.432,0.545,0.02
Test_481,0,0.007,0,0.993
Test_482,0,0.005,0,0.995
Test_483,0,0.001,0.999,0
Test_484,0.991,0.001,0.002,0.006
Test_485,0.984,0.001,0.014,0
Test_486,0,0,0,0.999
Test_487,0.557,0.013,0.428,0.002
Test_488,0,0.001,0.999,0.001
Test_489,0,0,1,0
Test_490,0.114,0.171,0.692,0.023
Test_491,0,0,1,0
Test_492,0.04,0.209,0.002,0.749
Test_493,0,0.911,0.005,0.084
Test_494,0,0,1,0
Test_495,0,0.002,0,0.998
Test_496,1,0,0,0
Test_497,0,0,0,1
Test_498,0.998,0,0,0.001
Test_499,0.001,0.007,0.992,0
Test_500,0.003,0.007,0.989,0.002
Test_501,0.984,0.001,0.003,0.013
Test_502,0.937,0.003,0.058,0.001
Test_503,0.001,0.001,0.999,0
Test_504,0.065,0.181,0.006,0.749
Test_505,0,0.001,0,0.999
Test_506,0.001,0.008,0.987,0.004
Test_507,0.001,0.003,0.994,0.003
Test_508,0,0,1,0
Test_509,0,0,1,0
Test_510,0,0.005,0.995,0
Test_511,0,0.017,0,0.983
Test_512,0.797,0.015,0.155,0.033
Test_513,0.015,0.015,0,0.97
Test_514,0.994,0,0.001,0.005
Test_515,0,0,1,0
Test_516,0,0,1,0
Test_517,0,0.011,0,0.989
Test_518,0,0.002,0.997,0.001
Test_519,0,0,0,1
Test_520,0,0.004,0.995,0
Test_521,0.99,0,0,0.009
Test_522,0,0,1,0
Test_523,0,0,1,0
Test_524,0,0,1,0
Test_525,0.816,0.003,0.18,0.001
Test_526,0.003,0.037,0.955,0.005
Test_527,0.004,0.07,0.918,0.009
Test_528,0.001,0.023,0.968,0.009
Test_529,0.575,0.026,0.23,0.17
Test_530,0.998,0,0,0.002
Test_531,0,0.016,0.982,0.002
Test_532,0.001,0.003,0.992,0.004
Test_533,0.007,0.498,0.001,0.494
Test_534,0,0,0,1
Test_535,0,0,1,0
Test_536,0.04,0.117,0.757,0.086
Test_537,0,0,1,0
Test_538,0,0,0,1
Test_539,0,0,1,0
Test_540,0,0,1,0
Test_541,0.988,0.001,0.007,0.004
Test_542,1,0,0,0
Test_543,0,0.66,0.195,0.145
Test_544,0.001,0.032,0.945,0.023
Test_545,0.001,0.025,0.972,0.002
Test_546,0.063,0.531,0.066,0.341
Test_547,0,0.001,0.999,0
Test_548,0.001,0.109,0.884,0.006
Test_549,0.009,0.255,0.001,0.735
Test_550,0,0,0,1
Test_551,0.992,0.001,0.006,0.001
Test_552,0.156,0.574,0.191,0.079
Test_553,0,0.001,0,0.999
Test_554,0.01,0.335,0,0.655
Test_555,0.032,0.663,0.048,0.257
Test_556,0.97,0.006,0.001,0.023
Test_557,0.001,0.234,0.725,0.041
Test_558,0.001,0.19,0.792,0.017
Test_559,0.989,0.003,0.007,0.001
Test_560,0,0,1,0
Test_561,0.022,0.147,0.822,0.009
Test_562,0,0,1,0
Test_563,0.165,0.533,0.166,0.137
Test_564,0.004,0.601,0.369,0.026
Test_565,0.001,0.013,0.959,0.027
Test_566,0,0,0.999,0
Test_567,0,0,0,1
Test_568,0.001,0.002,0.997,0
Test_569,0.028,0.066,0.832,0.074
Test_570,0.009,0.002,0,0.989
Test_571,0,0.029,0.964,0.006
Test_572,0.09,0.003,0,0.907
Test_573,0,0.007,0,0.993
Test_574,0,0.006,0,0.993
Test_575,0.889,0.004,0.002,0.105
Test_576,0.014,0.461,0.392,0.134
Test_577,0,0.274,0.025,0.701
Test_578,0.038,0.268,0.003,0.691
Test_579,0.438,0.063,0.055,0.445
Test_580,0,0,1,0
Test_581,0.819,0.013,0.163,0.004
Test_582,0.002,0.066,0.928,0.004
Test_583,0.999,0,0,0.001
Test_584,0,0.001,0.998,0
Test_585,0,0,0.999,0
Test_586,0.952,0.019,0.001,0.028
Test_587,0,0,1,0
Test_588,0,0.001,0.999,0
Test_589,0,0.174,0.753,0.073
Test_590,0,0,1,0
Test_591,0,0.009,0.982,0.009
Test_592,0.863,0.005,0.009,0.123
Test_593,0,0,1,0
Test_594,0.025,0.045,0.919,0.011
Test_595,0,0.009,0,0.991
Test_596,0.999,0,0,0.001
Test_597,0,0,0,1
Test_598,0.016,0.043,0.938,0.004
Test_599,0.005,0.59,0.003,0.402
Test_600,0,0.001,0.999,0
Test_601,0,0.191,0,0.809
Test_602,0,0,0,1
Test_603,0.001,0.004,0,0.994
Test_604,0.018,0.583,0.283,0.115
Test_605,0.998,0,0,0.001
Test_606,0.029,0.151,0.001,0.819
Test_607,0.612,0.085,0.056,0.248
Test_608,0.013,0.268,0.001,0.718
Test_609,0.994,0,0,0.006
Test_610,0,0.001,0,0.999
Test_611,0.956,0.007,0.032,0.005
Test_612,0,0,1,0
Test_613,0.999,0,0,0
Test_614,0,0.001,0.999,0
Test_615,0,0,1,0
Test_616,0.197,0.009,0,0.793
Test_617,0.077,0.09,0.001,0.831
Test_618,0.014,0.074,0,0.912
Test_619,0.018,0.879,0.05,0.052
Test_620,0,0.166,0.831,0.002
Test_621,0.035,0.373,0.008,0.585
Test_622,0,0.001,0.999,0
Test_623,0,0.004,0,0.996
Test_624,0,0.355,0.637,0.008
Test_625,0.291,0.143,0.048,0.519
Test_626,0,0,1,0
Test_627,0.954,0.011,0.011,0.024
Test_628,0.002,0.042,0.001,0.955
Test_629,0.999,0,0,0.001
Test_630,1,0,0,0
Test_631,0.955,0.001,0.013,0.031
Test_632,0.043,0.044,0.214,0.7
Test_633,0,0,0.999,0
Test_634,0.001,0.005,0,0.994
Test_635,0.834,0.026,0.013,0.127
Test_636,0.003,0.721,0.011,0.265
Test_637,0,0,1,0
Test_638,0.852,0.035,0.023,0.09
Test_639,0.002,0.023,0.974,0.001
Test_640,0.003,0.239,0.074,0.684
Test_641,0,0.002,0.998,0
Test_642,0,0.001,0,0.999
Test_643,0.999,0,0,0
Test_644,0,0.018,0,0.982
Test_645,0.96,0.017,0.017,0.006
Test_646,0,0,1,0
Test_647,0,0.04,0.957,0.003
Test_648,1,0,0,0
Test_649,0,0,1,0
Test_650,0,0,0.999,0
Test_651,0,0,0,1
Test_652,0,0,1,0
Test_653,1,0,0,0
Test_654,0,0.003,0.996,0
Test_655,0,0,0,1
Test_656,0,0,0,1
Test_657,0,0,1,0
Test_658,0.995,0,0.005,0
Test_659,0.001,0.418,0.254,0.326
Test_660,0,0,1,0
Test_661,0,0.014,0,0.986
Test_662,0,0,0,1
Test_663,0,0,1,0
Test_664,0,0,1,0
Test_665,0,0.004,0,0.995
Test_666,0,0.001,0.999,0
Test_667,0.999,0,0,0
Test_668,0,0.019,0.972,0.008
Test_669,0,0,1,0
Test_670,0,0.003,0.997,0
Test_671,0.002,0.032,0.964,0.002
Test_672,0.988,0.003,0.005,0.005
Test_673,0,0.223,0.751,0.026
Test_674,0,0.001,0.999,0
Test_675,1,0,0,0
Test_676,1,0,0,0
Test_677,0,0.003,0,0.996
Test_678,0,0.003,0,0.996
Test_679,0,0.007,0.992,0.001
Test_680,0,0,0,1
Test_681,0.512,0.291,0.061,0.136
Test_682,0.989,0.002,0.002,0.008
Test_683,0,0.002,0,0.998
Test_684,0,0.016,0,0.984
Test_685,1,0,0,0
Test_686,0,0,0,1
Test_687,1,0,0,0
Test_688,0,0.037,0,0.963
Test_689,0,0,0,1
Test_690,0,0,0,1
Test_691,1,0,0,0
Test_692,0,0.002,0.998,0
Test_693,0.99,0.001,0.009,0
Test_694,0,0.113,0.001,0.886
Test_695,0.993,0.003,0.002,0.002
Test_696,0,0,1,0
Test_697,0.001,0.069,0.852,0.078
Test_698,0.943,0.012,0.027,0.018
Test_699,0,0.001,0,0.999
Test_700,0,0,1,0
Test_701,0.084,0.012,0.002,0.902
Test_702,0.03,0.005,0,0.964
Test_703,0,0.002,0.996,0.001
Test_704,0,0,1,0
Test_705,0,0.015,0.983,0.002
Test_706,0.999,0,0,0
Test_707,0,0.001,0,0.999
Test_708,0.026,0.13,0,0.844
Test_709,0,0,1,0
Test_710,0,0.038,0.957,0.006
Test_711,0.999,0,0.001,0
Test_712,0,0,0,1
Test_713,0,0.542,0.008,0.45
Test_714,0,0.256,0.71,0.034
Test_715,0,0,1,0
Test_716,0,0,0,1
Test_717,0,0.003,0.997,0
Test_718,0.001,0,0.998,0
Test_719,0.001,0.004,0.994,0.001
Test_720,0.993,0.001,0.001,0.006
Test_721,0.001,0.003,0.992,0.004
Test_722,0,0,1,0
Test_723,0.998,0,0.001,0.001
Test_724,0,0.005,0.994,0.001
Test_725,0.203,0.063,0.001,0.733
Test_726,0.001,0.001,0,0.998
Test_727,0,0.013,0.983,0.004
Test_728,0,0.002,0.998,0
Test_729,0,0.001,0.999,0
Test_730,0.185,0.528,0.059,0.228
Test_731,0,0,1,0
Test_732,0,0.283,0.712,0.005
Test_733,0.003,0.057,0.92,0.019
Test_734,0.992,0.001,0.001,0.006
Test_735,0.997,0.001,0.002,0
Test_736,0.654,0.187,0.02,0.139
Test_737,0.001,0.164,0.61,0.225
Test_738,0.998,0,0.002,0
Test_739,0,0,1,0
Test_740,0,0.002,0,0.998
Test_741,0.043,0.177,0.001,0.779
Test_742,0.001,0.01,0,0.989
Test_743,0,0,1,0
Test_744,0.194,0.205,0.011,0.59
Test_745,0.97,0.011,0.005,0.015
Test_746,0.001,0.006,0.992,0.001
Test_747,0.137,0.008,0.855,0
Test_748,0.013,0.256,0.006,0.725
Test_749,0,0.005,0,0.995
Test_750,0.096,0.067,0.02,0.817
Test_751,0.001,0.008,0.99,0.001
Test_752,0.083,0.007,0.001,0.91
Test_753,0,0,1,0
Test_754,0.07,0.217,0.307,0.405
Test_755,0.817,0.003,0.002,0.178
Test_756,0.988,0,0.004,0.007
Test_757,0,0.001,0,0.999
Test_758,0.983,0.001,0.003,0.013
Test_759,0.017,0.694,0.12,0.169
Test_760,0.943,0.004,0.051,0.001
Test_761,0.001,0.323,0,0.676
Test_762,0.001,0.002,0.997,0.001
Test_763,0,0.009,0.984,0.007
Test_764,0.998,0,0.002,0
Test_765,0.007,0.127,0.001,0.865
Test_766,0,0,0,1
Test_767,0.945,0.015,0.006,0.033
Test_768,0.024,0.232,0.011,0.733
Test_769,0,0.003,0.996,0.001
Test_770,0.127,0.104,0.023,0.745
Test_771,0,0,1,0
Test_772,0.021,0.637,0.221,0.121
Test_773,0,0.003,0.996,0
Test_774,0,0,0,1
Test_775,0,0.02,0.977,0.003
Test_776,0.906,0.017,0.055,0.022
Test_777,0.986,0.001,0.001,0.012
Test_778,0.535,0.015,0.443,0.008
Test_779,0,0,0,1
Test_780,0.987,0,0.001,0.012
Test_781,1,0,0,0
Test_782,0,0,1,0
Test_783,0,0,1,0
Test_784,0,0,1,0
Test_785,1,0,0,0
Test_786,0,0.003,0.996,0
Test_787,0,0.004,0.995,0.001
Test_788,0.905,0.001,0.002,0.092
Test_789,0.002,0.026,0.953,0.02
Test_790,0,0.731,0.208,0.06
Test_791,0.001,0.061,0.001,0.937
Test_792,0,0,1,0
Test_793,0,0,1,0
Test_794,0.157,0.101,0.587,0.154
Test_795,0.01,0.001,0,0.989
Test_796,0,0,1,0
Test_797,0.968,0.003,0.02,0.009
Test_798,0,0,1,0
Test_799,0,0.001,0.999,0
Test_800,0,0.001,0.999,0
Test_801,0,0.002,0.998,0
Test_802,0.001,0.148,0.848,0.003
Test_803,0.598,0.084,0.009,0.309
Test_804,0.003,0.228,0.76,0.009
Test_805,0,0,1,0
Test_806,0.149,0.087,0.009,0.755
Test_807,0.009,0.761,0.167,0.063
Test_808,1,0,0,0
Test_809,0.781,0.067,0.002,0.15
Test_810,0,0,1,0
Test_811,0.999,0,0,0
Test_812,0,0.01,0.989,0.001
Test_813,0.993,0.001,0.006,0
Test_814,0,0.001,0,0.999
Test_815,0,0,0,1
Test_816,0.001,0.349,0.003,0.648
Test_817,0.002,0.004,0.994,0
Test_818,0.398,0.11,0.153,0.339
Test_819,0.001,0.009,0.951,0.038
Test_820,0.999,0,0,0.001
Test_821,0,0,0,1
Test_822,0.075,0.13,0.02,0.775
Test_823,0.911,0.004,0.045,0.04
Test_824,0.93,0.006,0.01,0.055
Test_825,0.001,0.005,0.993,0
Test_826,0,0,1,0
Test_827,0,0.461,0.505,0.033
Test_828,0,0,1,0
Test_829,0,0.027,0,0.972
Test_830,0,0,1,0
Test_831,0,0,0.999,0
Test_832,1,0,0,0
Test_833,0,0,1,0
Test_834,0,0,0.999,0
Test_835,0,0,1,0
Test_836,0.805,0.041,0.017,0.137
Test_837,0.088,0.478,0.163,0.27
Test_838,0.001,0.118,0.012,0.869
Test_839,0,0,1,0
Test_840,0,0,1,0
Test_841,0,0.002,0,0.998
Test_842,0.998,0,0,0.002
Test_843,0,0,1,0
Test_844,0.037,0.176,0.607,0.181
Test_845,0,0,1,0
Test_846,0.006,0.078,0.005,0.911
Test_847,0,0.033,0.966,0.001
Test_848,0,0,1,0
Test_849,0.002,0.003,0,0.996
Test_850,0,0,0.999,0
Test_851,0.005,0.007,0,0.988
Test_852,0,0.001,0.998,0
Test_853,0,0.021,0.976,0.003
Test_854,0,0,0,1
Test_855,0.007,0.005,0.001,0.986
Test_856,0.257,0.028,0.609,0.107
Test_857,0,0.001,0.999,0
Test_858,0,0,1,0
Test_859,0,0,0,1
Test_860,1,0,0,0
Test_861,0,0,1,0
Test_862,0.001,0,0.998,0
Test_863,0.001,0.025,0,0.974
Test_864,0,0.59,0.395,0.014
Test_865,0,0,1,0
Test_866,0,0.002,0.998,0
Test_867,0.009,0.337,0.368,0.286
Test_868,0,0.001,0.999,0
Test_869,0.011,0.79,0.034,0.165
Test_870,0.007,0.654,0.036,0.303
Test_871,0,0.002,0,0.998
Test_872,0.001,0.006,0,0.993
Test_873,0,0,0,1
Test_874,0.001,0.033,0,0.966
Test_875,0,0.014,0,0.986
Test_876,0.001,0.054,0,0.945
Test_877,0.994,0,0,0.006
Test_878,1,0,0,0
Test_879,0.012,0.154,0.784,0.05
Test_880,0,0,1,0
Test_881,0.003,0.002,0.995,0
Test_882,0,0.043,0.955,0.002
Test_883,0.049,0.249,0.327,0.376
Test_884,0.055,0.654,0.124,0.166
Test_885,0.898,0.012,0.086,0.004
Test_886,0.892,0.006,0.089,0.013
Test_887,0.829,0.031,0.134,0.006
Test_888,0,0,1,0
Test_889,0,0.001,0.999,0
Test_890,0,0.002,0.995,0.002
Test_891,0,0,0,1
Test_892,0,0,1,0
Test_893,0,0.113,0.858,0.03
Test_894,0.003,0.128,0.14,0.729
Test_895,1,0,0,0
Test_896,0,0.005,0,0.994
Test_897,0.806,0.01,0.18,0.004
Test_898,0.008,0.055,0.001,0.936
Test_899,0,0,1,0
Test_900,0,0,0,1
Test_901,0,0.007,0.993,0
Test_902,0.89,0.002,0.108,0.001
Test_903,0,0,1,0
Test_904,0.909,0.005,0.01,0.076
Test_905,0.018,0.057,0.914,0.011
Test_906,0.008,0.019,0.96,0.013
Test_907,0,0.002,0,0.998
Test_908,0,0,0,1
Test_909,1,0,0,0
Test_910,0,0.022,0.976,0.002
Test_911,0.001,0.015,0,0.984
Test_912,0,0.003,0.996,0.001
Test_913,0,0,1,0
Test_914,0,0,0,1
Test_915,0,0.01,0.989,0.001
Test_916,0.004,0.043,0.025,0.927
Test_917,0,0.002,0.998,0
Test_918,0,0,1,0
Test_919,0.124,0.01,0.023,0.843
Test_920,0,0,1,0
Test_921,0.001,0.581,0.003,0.415
Test_922,1,0,0,0
Test_923,0.002,0.004,0.984,0.009
Test_924,0,0.007,0,0.993
Test_925,1,0,0,0
Test_926,0,0,1,0
Test_927,0.939,0.013,0.002,0.046
Test_928,0,0.001,0.999,0
Test_929,0.004,0.77,0.06,0.167
Test_930,0.539,0.093,0.344,0.024
Test_931,0.994,0,0.002,0.004
Test_932,0.003,0.475,0.018,0.504
Test_933,0.996,0,0.001,0.003
Test_934,0,0.014,0.984,0.002
Test_935,0.005,0.01,0.984,0.001
Test_936,0.001,0.003,0,0.996
Test_937,0.003,0.002,0.994,0.001
Test_938,0.447,0.103,0.015,0.434
Test_939,0.984,0,0.011,0.005
Test_940,0,0,0,1
Test_941,0.002,0.001,0,0.997
Test_942,0.001,0.005,0,0.993
Test_943,0,0,1,0
Test_944,0,0.003,0.996,0.001
Test_945,1,0,0,0
Test_946,0,0,1,0
Test_947,0.001,0.007,0,0.992
Test_948,0.987,0.001,0.003,0.009
Test_949,0.999,0,0,0
Test_950,0.001,0.012,0,0.987
Test_951,0,0,0.999,0
Test_952,0,0.004,0,0.996
Test_953,0,0,0,1
Test_954,0.999,0,0,0
Test_955,0.997,0,0.001,0.002
Test_956,0,0.004,0,0.996
Test_957,0.003,0.065,0,0.932
Test_958,0.003,0.636,0.017,0.344
Test_959,0,0,1,0
Test_960,0,0,1,0
Test_961,0.119,0.421,0.094,0.367
Test_962,0.008,0.076,0.857,0.06
Test_963,0.737,0.041,0.154,0.068
Test_964,0,0,1,0
Test_965,0.997,0.001,0.003,0
Test_966,0.004,0.288,0.644,0.063
Test_967,0,0.002,0.996,0.002
Test_968,0,0,1,0
Test_969,0,0,1,0
Test_970,0.998,0,0.001,0
Test_971,0.001,0.001,0,0.998
Test_972,0,0,1,0
Test_973,0,0.001,0.999,0
Test_974,0.207,0.115,0.007,0.671
Test_975,0.771,0.088,0.061,0.08
Test_976,0,0.001,0.998,0.001
Test_977,0.026,0.527,0.016,0.431
Test_978,0,0,0.999,0
Test_979,1,0,0,0
Test_980,0.009,0.108,0,0.883
Test_981,0.001,0.013,0,0.986
Test_982,0.996,0,0,0.004
Test_983,0.03,0.399,0.553,0.017
Test_984,0,0.001,0,0.999
Test_985,0,0.075,0.001,0.924
Test_986,0,0.01,0,0.99
Test_987,0,0.893,0.104,0.003
Test_988,0.95,0.013,0.029,0.008
Test_989,0.998,0,0.002,0
Test_990,0.033,0.206,0.018,0.743
Test_991,0,0.089,0.899,0.011
Test_992,0.005,0.072,0,0.923
Test_993,0.452,0.124,0.015,0.409
Test_994,0.015,0.581,0.152,0.252
Test_995,0,0.006,0.992,0.001
Test_996,0,0.001,0.998,0.001
Test_997,0,0.003,0.997,0
Test_998,0,0,1,0
Test_999,0,0,1,0
Test_1000,0.007,0.049,0.932,0.012
Test_1001,0.011,0.136,0.001,0.852
Test_1002,0,0,1,0
Test_1003,0.01,0.002,0,0.988
Test_1004,0,0,0,1
Test_1005,0.988,0.001,0.008,0.003
Test_1006,0.006,0.143,0.814,0.037
Test_1007,0.003,0.324,0.006,0.667
Test_1008,0.669,0.066,0.003,0.262
Test_1009,0.001,0.16,0.821,0.018
Test_1010,0,0.002,0.997,0.001
Test_1011,0,0,1,0
Test_1012,0.001,0.006,0,0.992
Test_1013,0,0,1,0
Test_1014,0,0,1,0
Test_1015,0.932,0.002,0.003,0.063
Test_1016,0,0,1,0
Test_1017,0,0,1,0
Test_1018,0,0,0,1
Test_1019,0,0.004,0.996,0
Test_1020,0,0,1,0
Test_1021,0,0.001,0.998,0
Test_1022,0,0,1,0
Test_1023,0.973,0,0.027,0
Test_1024,0.994,0,0.001,0.004
Test_1025,0,0.003,0,0.997
Test_1026,0.981,0.001,0.014,0.004
Test_1027,0,0,0,1
Test_1028,0.661,0.135,0.115,0.089
Test_1029,1,0,0,0
Test_1030,0.992,0.001,0.002,0.005
Test_1031,0,0,0,1
Test_1032,0.012,0.106,0.001,0.882
Test_1033,0,0,1,0
Test_1034,0,0.001,0.999,0
Test_1035,0,0.002,0.997,0
Test_1036,0.842,0.005,0.073,0.079
Test_1037,0,0,1,0
Test_1038,0,0,0,1
Test_1039,0.006,0.021,0,0.972
Test_1040,0.005,0.116,0.003,0.877
Test_1041,0,0.002,0.997,0.001
Test_1042,0,0,1,0
Test_1043,0,0,1,0
Test_1044,0,0.007,0,0.993
Test_1045,0,0,0.999,0
Test_1046,0.222,0.283,0.005,0.49
Test_1047,0.992,0.001,0.003,0.003
Test_1048,0,0,0,1
Test_1049,0,0.004,0,0.996
Test_1050,0,0,1,0
Test_1051,0.002,0.434,0,0.564
Test_1052,0.042,0.614,0.021,0.323
Test_1053,0,0,1,0
Test_1054,0.999,0,0.001,0
Test_1055,0.009,0.824,0.035,0.132
Test_1056,0,0.005,0.994,0.001
Test_1057,0.003,0.117,0,0.879
Test_1058,0.975,0.003,0.005,0.017
Test_1059,0.064,0.278,0.012,0.646
Test_1060,0.001,0.04,0,0.958
Test_1061,0.825,0.008,0.01,0.157
Test_1062,0.992,0.002,0.004,0.002
Test_1063,0,0,1,0
Test_1064,0.002,0.006,0,0.992
Test_1065,0.693,0.003,0.015,0.29
Test_1066,0,0.026,0,0.974
Test_1067,0.005,0.656,0.302,0.038
Test_1068,0,0.638,0.006,0.356
Test_1069,0,0.001,0.999,0
Test_1070,0.745,0.059,0.183,0.014
Test_1071,0,0.017,0.982,0.001
Test_1072,0,0.955,0.026,0.019
Test_1073,0.001,0.773,0.01,0.216
Test_1074,0,0.006,0.992,0.002
Test_1075,0,0.005,0.994,0.001
Test_1076,0.807,0.105,0.043,0.046
Test_1077,0.887,0.003,0,0.11
Test_1078,0,0,1,0
Test_1079,0,0,0.999,0
Test_1080,0.752,0.029,0.014,0.205
Test_1081,0.002,0.127,0.866,0.005
Test_1082,0,0,0,1
Test_1083,0.999,0,0,0.001
Test_1084,0.002,0.052,0.914,0.031
Test_1085,0,0,0,1
Test_1086,0,0.006,0.992,0.001
Test_1087,0,0.018,0,0.982
Test_1088,0,0,1,0
Test_1089,0.006,0.802,0.038,0.153
Test_1090,0.191,0.003,0,0.806
Test_1091,0.995,0.001,0.002,0.002
Test_1092,1,0,0,0
Test_1093,0.002,0.049,0.015,0.935
Test_1094,0.996,0,0,0.003
Test_1095,0,0.002,0,0.998
Test_1096,0,0,0,1
Test_1097,1,0,0,0
Test_1098,0.934,0.005,0.002,0.058
Test_1099,0,0.001,0,0.999
Test_1100,0,0.005,0.994,0.001
Test_1101,0.995,0,0.003,0.001
Test_1102,0,0,1,0
Test_1103,0.002,0.014,0,0.983
Test_1104,0.195,0.263,0.073,0.469
Test_1105,0,0.001,0,0.999
Test_1106,0.995,0,0.002,0.003
Test_1107,0,0,1,0
Test_1108,0.998,0,0.001,0
Test_1109,0.986,0,0.012,0.002
Test_1110,0,0,1,0
Test_1111,0,0,1,0
Test_1112,1,0,0,0
Test_1113,0.002,0.054,0.868,0.076
Test_1114,0,0,1,0
Test_1115,0,0,1,0
Test_1116,0,0,0.999,0
Test_1117,0.999,0,0,0
Test_1118,0,0,1,0
Test_1119,0,0.009,0,0.991
Test_1120,0,0.039,0.958,0.003
Test_1121,0,0,1,0
Test_1122,0,0.03,0,0.97
Test_1123,0.999,0,0,0.001
Test_1124,0,0,1,0
Test_1125,0.154,0.183,0.003,0.66
Test_1126,0.999,0,0.001,0.001
Test_1127,0,0.025,0.001,0.974
Test_1128,0,0,0.999,0
Test_1129,0,0,1,0
Test_1130,0,0,0,1
Test_1131,0.998,0,0,0.001
Test_1132,0.001,0.839,0.115,0.045
Test_1133,0.735,0.04,0.155,0.069
Test_1134,0.001,0.035,0.941,0.023
Test_1135,0.984,0.001,0.002,0.013
Test_1136,0,0,0,1
Test_1137,0.003,0.035,0,0.961
Test_1138,0,0.001,0,0.999
Test_1139,0.01,0.413,0.523,0.054
Test_1140,0.702,0.098,0.058,0.141
Test_1141,0,0,0,1
Test_1142,0,0,1,0
Test_1143,0,0.036,0.963,0.002
Test_1144,0,0,1,0
Test_1145,0.138,0.004,0,0.858
Test_1146,0,0,1,0
Test_1147,0,0.001,0,0.999
Test_1148,0,0.006,0.993,0.001
Test_1149,0.049,0.754,0.063,0.134
Test_1150,0.629,0.033,0.311,0.028
Test_1151,0.999,0,0,0.001
Test_1152,0.999,0,0,0
Test_1153,0,0,0,1
Test_1154,0,0.001,0.999,0
Test_1155,0,0,1,0
Test_1156,0.004,0.079,0.003,0.914
Test_1157,0,0.005,0,0.995
Test_1158,0.001,0.837,0.134,0.028
Test_1159,0,0.006,0.992,0.002
Test_1160,1,0,0,0
Test_1161,0,0.001,0.998,0
Test_1162,0,0.025,0,0.975
Test_1163,0.999,0,0.001,0
Test_1164,0,0.001,0.999,0
Test_1165,0,0,1,0
Test_1166,0.087,0.294,0.001,0.617
Test_1167,0,0.001,0.999,0
Test_1168,0,0,1,0
Test_1169,0,0.01,0,0.99
Test_1170,0.287,0.156,0.031,0.526
Test_1171,0,0,0,1
Test_1172,0.968,0.002,0.029,0.001
Test_1173,0.004,0.22,0.005,0.771
Test_1174,0,0.001,0,0.999
Test_1175,0,0.001,0.999,0
Test_1176,0.001,0.014,0,0.985
Test_1177,0.999,0,0,0
Test_1178,0.999,0,0.001,0
Test_1179,0,0,1,0
Test_1180,0.954,0.002,0.007,0.038
Test_1181,0,0.007,0.992,0.001
Test_1182,0.131,0.033,0,0.836
Test_1183,0.008,0.802,0.056,0.134
Test_1184,0,0,1,0
Test_1185,0.003,0.065,0.931,0.001
Test_1186,0.001,0.006,0.992,0.001
Test_1187,0,0,0,1
Test_1188,0,0.429,0.008,0.563
Test_1189,0.001,0.284,0.009,0.705
Test_1190,0,0,0.999,0
Test_1191,0.01,0.256,0.001,0.733
Test_1192,0,0,1,0
Test_1193,0.005,0.073,0.856,0.066
Test_1194,0.984,0.001,0.004,0.01
Test_1195,0.999,0,0.001,0
Test_1196,0.001,0.008,0,0.991
Test_1197,0,0,0,1
Test_1198,0,0,1,0
Test_1199,0,0,1,0
Test_1200,0.001,0.053,0.94,0.006
Test_1201,0.003,0.088,0.001,0.908
Test_1202,0.035,0.369,0.008,0.588
Test_1203,0.86,0.017,0.107,0.016
Test_1204,0.014,0.678,0.108,0.2
Test_1205,0,0,1,0
Test_1206,0,0,1,0
Test_1207,0,0.003,0,0.997
Test_1208,0,0.001,0,0.999
Test_1209,0,0,1,0
Test_1210,0,0,0,1
Test_1211,0.001,0.81,0.06,0.129
Test_1212,0.009,0.002,0,0.989
Test_1213,0.001,0.008,0,0.991
Test_1214,0,0,0,1
Test_1215,0.001,0,0,0.999
Test_1216,0,0,1,0
Test_1217,0.001,0.006,0,0.993
Test_1218,0,0,0,1
Test_1219,0,0,1,0
Test_1220,0.039,0.006,0,0.955
Test_1221,0.999,0,0,0
Test_1222,0,0.002,0.997,0
Test_1223,0.265,0.03,0.366,0.34
Test_1224,0.006,0.158,0.826,0.011
Test_1225,0,0,1,0
Test_1226,0,0.001,0.999,0
Test_1227,0,0,1,0
Test_1228,0,0,1,0
Test_1229,0.999,0,0,0.001
Test_1230,0,0,1,0
Test_1231,0.993,0.001,0.006,0.001
Test_1232,0.993,0,0.004,0.003
Test_1233,0,0.021,0.979,0
Test_1234,0,0,1,0
Test_1235,0.921,0.001,0.078,0
Test_1236,0,0,0,1
Test_1237,0,0.039,0.952,0.009
Test_1238,0,0.002,0.998,0
Test_1239,0.009,0.026,0,0.965
Test_1240,0,0.006,0.992,0.001
Test_1241,0.901,0.001,0,0.097
Test_1242,0,0.087,0,0.912
Test_1243,0.001,0.019,0.979,0.001
Test_1244,0,0.001,0,0.999
Test_1245,0,0.005,0,0.995
Test_1246,0,0.042,0.001,0.957
Test_1247,0,0,1,0
Test_1248,0.006,0.025,0.968,0.001
Test_1249,0,0.025,0.972,0.003
Test_1250,0.273,0.32,0.053,0.354
Test_1251,0.001,0,0,0.999
Test_1252,0,0,1,0
Test_1253,0,0,0,1
Test_1254,0.975,0.001,0.005,0.019
Test_1255,0.014,0.072,0.004,0.91
Test_1256,0,0.001,0.999,0
Test_1257,0,0,0,1
Test_1258,0.87,0.013,0.004,0.113
Test_1259,0.999,0,0.001,0.001
Test_1260,0.057,0.386,0.022,0.535
Test_1261,0,0,1,0
Test_1262,0.996,0,0,0.003
Test_1263,0,0,1,0
Test_1264,0.163,0.057,0.001,0.78
Test_1265,0.006,0.021,0.002,0.971
Test_1266,0,0,1,0
Test_1267,0.03,0.025,0.002,0.943
Test_1268,0,0.001,0.999,0.001
Test_1269,0,0.002,0.998,0
Test_1270,0,0.269,0.725,0.006
Test_1271,0,0,0,1
Test_1272,0,0,0.999,0
Test_1273,0.999,0,0,0
Test_1274,0,0,0,1
Test_1275,0,0.016,0.98,0.004
Test_1276,0,0,0,1
Test_1277,0,0.001,0.999,0
Test_1278,0.416,0.144,0.035,0.405
Test_1279,0,0.001,0,0.999
Test_1280,0,0.001,0.999,0
Test_1281,0.003,0.795,0.186,0.016
Test_1282,0.957,0.006,0.004,0.033
Test_1283,0.01,0.016,0.972,0.003
Test_1284,0.01,0.011,0.969,0.011
Test_1285,0.962,0.011,0.022,0.005
Test_1286,1,0,0,0
Test_1287,0.874,0.006,0.005,0.115
Test_1288,0.86,0.007,0.13,0.003
Test_1289,0.003,0.028,0.001,0.968
Test_1290,0,0.008,0,0.992
Test_1291,0,0.001,0,0.999
Test_1292,0.002,0.002,0.995,0
Test_1293,0,0.91,0.033,0.057
Test_1294,0.311,0.108,0.001,0.579
Test_1295,0,0,1,0
Test_1296,0.999,0,0.001,0
Test_1297,0,0.7,0.005,0.294
Test_1298,0,0,1,0
Test_1299,0,0.002,0.997,0.001
Test_1300,0,0,1,0
Test_1301,0,0.017,0.982,0.001
Test_1302,0,0,0,1
Test_1303,0,0,1,0
Test_1304,0,0.007,0.992,0.001
Test_1305,0.007,0.023,0.969,0.002
Test_1306,0,0,0,0.999
Test_1307,0,0,1,0
Test_1308,0.002,0.009,0,0.989
Test_1309,0.998,0,0.001,0.001
Test_1310,0.002,0.735,0.004,0.258
Test_1311,0.999,0,0.001,0
Test_1312,0,0.478,0.444,0.078
Test_1313,0,0,1,0
Test_1314,0,0.005,0.994,0
Test_1315,0.997,0,0.001,0.002
Test_1316,0.983,0.004,0.003,0.01
Test_1317,0,0,0,1
Test_1318,0.001,0.897,0.089,0.013
Test_1319,0,0,1,0
Test_1320,0.034,0.048,0,0.918
Test_1321,0,0.011,0.987,0.002
Test_1322,0.995,0,0.005,0
Test_1323,0,0,1,0
Test_1324,0.878,0.059,0.024,0.039
Test_1325,0,0.039,0,0.961
Test_1326,0,0,0,1
Test_1327,0,0.001,0.999,0
Test_1328,0.121,0.393,0.116,0.37
Test_1329,0,0.001,0.998,0
Test_1330,0.966,0.004,0.021,0.009
Test_1331,0,0,1,0
Test_1332,0,0,0,1
Test_1333,0.014,0.106,0,0.88
Test_1334,0.001,0.009,0,0.991
Test_1335,0,0.001,0.999,0
Test_1336,0,0.002,0.997,0
Test_1337,0.143,0.361,0.302,0.194
Test_1338,0,0,1,0
Test_1339,0.997,0.001,0.001,0.001
Test_1340,0.007,0.132,0,0.861
Test_1341,0,0,1,0
Test_1342,0,0.026,0.973,0.001
Test_1343,0,0,0,1
Test_1344,0,0,1,0
Test_1345,0.006,0.104,0.801,0.089
Test_1346,0.014,0.281,0.266,0.439
Test_1347,0,0,0,0.999
Test_1348,0.001,0.893,0.073,0.033
Test_1349,0,0.011,0.989,0
Test_1350,0.992,0,0.001,0.006
Test_1351,0.008,0.35,0.578,0.065
Test_1352,0.001,0.02,0.977,0.002
Test_1353,0.277,0.035,0.287,0.401
Test_1354,0.988,0.001,0.002,0.01
Test_1355,0.959,0.002,0.005,0.035
Test_1356,0,0,0,1
Test_1357,0,0,1,0
Test_1358,0,0,0,1
Test_1359,0.89,0.003,0.032,0.074
Test_1360,0,0,0.999,0
Test_1361,0,0,0.999,0
Test_1362,0,0,1,0
Test_1363,0,0,1,0
Test_1364,0,0.001,0.999,0
Test_1365,1,0,0,0
Test_1366,0.009,0.738,0.077,0.176
Test_1367,0,0,1,0
Test_1368,0,0,1,0
Test_1369,0.997,0,0.001,0.002
Test_1370,0,0.002,0.997,0.001
Test_1371,0,0,0,1
Test_1372,0.655,0.011,0.156,0.178
Test_1373,0.227,0.056,0.048,0.67
Test_1374,0,0,1,0
Test_1375,0,0.906,0.012,0.082
Test_1376,0.982,0.001,0.002,0.016
Test_1377,0.001,0.03,0.961,0.008
Test_1378,0.055,0.176,0.738,0.03
Test_1379,0.001,0.57,0.409,0.02
Test_1380,0.081,0.338,0.013,0.568
Test_1381,0.264,0.195,0.439,0.102
Test_1382,0,0,1,0
Test_1383,0,0,0,1
Test_1384,0,0,0,1
Test_1385,0,0.022,0,0.978
Test_1386,0,0.014,0.984,0.002
Test_1387,0,0.2,0.002,0.798
Test_1388,0,0,1,0
Test_1389,0,0.028,0.925,0.047
Test_1390,0,0.006,0.993,0
Test_1391,0,0,1,0
Test_1392,0,0.093,0.904,0.002
Test_1393,0.002,0.095,0.864,0.038
Test_1394,0.001,0.026,0,0.973
Test_1395,0,0,1,0
Test_1396,0.002,0.468,0.142,0.388
Test_1397,0,0,1,0
Test_1398,0,0,1,0
Test_1399,0,0,1,0
Test_1400,0,0,0,1
Test_1401,0,0.001,0,0.999
Test_1402,0.998,0,0.001,0.001
Test_1403,0,0,1,0
Test_1404,0,0.001,0.999,0
Test_1405,0,0,1,0
Test_1406,0,0,1,0
Test_1407,0,0.016,0,0.983
Test_1408,0.977,0.001,0.003,0.019
Test_1409,0.066,0.473,0.026,0.435
Test_1410,0,0.005,0.994,0.001
Test_1411,0,0,0,1
Test_1412,0.01,0.001,0,0.989
Test_1413,0,0.001,0,0.999
Test_1414,0,0.001,0.999,0
Test_1415,0.076,0.418,0.045,0.461
Test_1416,0.998,0,0.001,0.001
Test_1417,0,0.028,0,0.971
Test_1418,0.995,0.001,0,0.003
Test_1419,0,0,1,0
Test_1420,0.002,0.004,0.992,0.002
Test_1421,0,0.001,0,0.999
Test_1422,0,0,1,0
Test_1423,0.001,0.01,0.987,0.002
Test_1424,0.968,0.002,0.012,0.018
Test_1425,0,0.001,0.996,0.002
Test_1426,0,0.001,0.999,0
Test_1427,0,0.054,0.002,0.943
Test_1428,0.002,0.402,0.004,0.592
Test_1429,1,0,0,0
Test_1430,0.773,0.018,0.041,0.168
Test_1431,0.991,0,0.003,0.005
Test_1432,0,0,0.999,0
Test_1433,0,0.003,0.997,0
Test_1434,0,0,1,0
Test_1435,0,0,0,1
Test_1436,0.009,0.089,0.898,0.004
Test_1437,0,0.001,0.998,0.001
Test_1438,0,0.001,0.999,0
Test_1439,0.994,0.001,0,0.005
Test_1440,0,0.922,0.071,0.007
Test_1441,0,0,1,0
Test_1442,0.007,0.496,0.455,0.041
Test_1443,0.997,0,0.002,0.001
Test_1444,0,0,1,0
Test_1445,0,0,0,1
Test_1446,1,0,0,0
Test_1447,0,0.157,0,0.843
Test_1448,0.855,0.004,0.004,0.138
Test_1449,0,0.002,0.997,0
Test_1450,0.954,0.004,0.04,0.001
Test_1451,0.001,0.054,0.001,0.945
Test_1452,0.002,0.022,0,0.976
Test_1453,0,0,1,0
Test_1454,0.992,0,0.001,0.007
Test_1455,0,0.049,0.004,0.946
Test_1456,0,0,1,0
Test_1457,0,0,1,0
Test_1458,0,0,0,1
Test_1459,0.001,0.08,0.913,0.006
Test_1460,0,0.001,0.999,0
Test_1461,0,0,1,0
Test_1462,0,0.006,0.994,0
Test_1463,0,0.003,0.997,0.001
Test_1464,0,0.027,0.967,0.006
Test_1465,0,0,1,0
Test_1466,0.48,0.128,0.296,0.096
Test_1467,0.993,0,0.003,0.003
Test_1468,0.002,0.002,0,0.996
Test_1469,1,0,0,0
Test_1470,0,0,0,1
Test_1471,0.001,0.102,0.883,0.014
Test_1472,0.003,0.096,0.695,0.205
Test_1473,0.999,0,0.001,0
Test_1474,0,0.021,0.976,0.002
Test_1475,0,0.011,0.989,0.001
Test_1476,0,0,0,1
Test_1477,0,0.002,0,0.998
Test_1478,0,0.001,0.999,0
Test_1479,0,0.009,0,0.991
Test_1480,0,0,1,0
Test_1481,0.018,0.014,0.002,0.966
Test_1482,0.001,0.012,0.001,0.986
Test_1483,0,0.01,0,0.989
Test_1484,0.779,0.023,0.188,0.01
Test_1485,0.889,0.028,0.032,0.052
Test_1486,0,0,1,0
Test_1487,0,0.003,0.996,0
Test_1488,0.011,0.093,0.848,0.048
Test_1489,0,0.001,0.999,0
Test_1490,0.004,0.02,0,0.976
Test_1491,0,0.087,0.912,0.001
Test_1492,0,0.002,0.997,0.001
Test_1493,0.775,0.066,0.003,0.155
Test_1494,0.994,0,0.006,0
Test_1495,0.407,0.103,0.436,0.054
Test_1496,0.145,0.004,0,0.85
Test_1497,0,0.002,0.998,0
Test_1498,0,0.002,0,0.998
Test_1499,0,0,0.999,0
Test_1500,0.561,0.117,0.072,0.251
Test_1501,0.022,0.481,0.024,0.474
Test_1502,0.002,0.021,0,0.977
Test_1503,0.974,0.002,0.023,0.001
Test_1504,0,0.009,0.989,0.002
Test_1505,0,0,1,0
Test_1506,0.997,0,0,0.002
Test_1507,1,0,0,0
Test_1508,0,0.001,0.999,0
Test_1509,0,0.002,0,0.998
Test_1510,0,0.027,0.973,0.001
Test_1511,0.003,0.003,0,0.994
Test_1512,0,0.001,0.998,0
Test_1513,0,0,1,0
Test_1514,0,0,1,0
Test_1515,0,0,1,0
Test_1516,0.001,0.022,0.013,0.965
Test_1517,0,0,1,0
Test_1518,0.002,0.555,0.002,0.441
Test_1519,0,0.001,0,0.999
Test_1520,0,0,0,1
Test_1521,0.99,0.002,0.004,0.004
Test_1522,0,0.004,0.995,0.001
Test_1523,0,0,0,1
Test_1524,0.998,0,0.001,0
Test_1525,0.995,0,0.004,0
Test_1526,0,0.001,0,0.999
Test_1527,0,0.001,0.998,0
Test_1528,0.001,0.002,0,0.997
Test_1529,0,0.001,0.999,0
Test_1530,0.823,0.004,0.095,0.078
Test_1531,0.001,0.06,0.934,0.005
Test_1532,0.993,0,0,0.007
Test_1533,0,0.019,0.975,0.006
Test_1534,0,0.967,0.028,0.005
Test_1535,0.008,0.195,0.764,0.033
Test_1536,0,0.003,0.996,0.001
Test_1537,0,0,0,1
Test_1538,0,0,1,0
Test_1539,0,0,1,0
Test_1540,0,0.012,0,0.988
Test_1541,0.001,0.018,0,0.982
Test_1542,0.124,0.104,0.64,0.132
Test_1543,0,0.001,0.997,0.002
Test_1544,0.381,0.295,0.146,0.178
Test_1545,0,0,0,0.999
Test_1546,0.998,0,0.001,0.001
Test_1547,0.999,0,0.001,0
Test_1548,0.003,0.853,0.122,0.021
Test_1549,0,0.178,0.002,0.82
Test_1550,0,0.012,0,0.988
Test_1551,0,0.005,0,0.995
Test_1552,0,0.001,0,0.999
Test_1553,0.048,0.012,0,0.94
Test_1554,0,0.001,0.999,0
Test_1555,0.327,0.1,0.013,0.56
Test_1556,0,0,1,0
Test_1557,0.08,0.105,0.003,0.812
Test_1558,0,0,1,0
Test_1559,0,0.001,0.999,0
Test_1560,0.999,0,0,0
Test_1561,0.004,0.217,0,0.778
Test_1562,0,0,1,0
Test_1563,0,0,1,0
Test_1564,0.146,0.388,0.362,0.105
Test_1565,0,0.004,0.996,0
Test_1566,0,0.007,0,0.992
Test_1567,0,0,1,0
Test_1568,0,0,1,0
Test_1569,0.001,0.011,0.987,0.001
Test_1570,0.008,0.005,0.002,0.985
Test_1571,0.001,0.02,0.976,0.003
Test_1572,0.001,0.002,0.997,0
Test_1573,0,0,1,0
Test_1574,0,0.002,0.998,0
Test_1575,0,0.001,0.999,0
Test_1576,0.999,0,0,0.001
Test_1577,0,0,1,0
Test_1578,0,0.002,0.998,0
Test_1579,0.899,0,0.101,0
Test_1580,0.999,0,0,0
Test_1581,0,0.007,0,0.993
Test_1582,0,0,1,0
Test_1583,0,0,1,0
Test_1584,0.001,0.002,0,0.997
Test_1585,0,0,1,0
Test_1586,0,0,1,0
Test_1587,0.002,0.005,0.993,0
Test_1588,0.936,0.003,0.06,0.001
Test_1589,0,0,1,0
Test_1590,0,0.091,0.904,0.005
Test_1591,0.791,0.024,0.138,0.047
Test_1592,0.904,0.001,0.012,0.084
Test_1593,0,0,0,1
Test_1594,0.692,0.008,0,0.299
Test_1595,0.001,0.002,0.997,0
Test_1596,0.968,0.005,0.017,0.01
Test_1597,0,0,1,0
Test_1598,0,0.107,0,0.893
Test_1599,0,0.002,0.998,0
Test_1600,0.718,0.028,0.237,0.018
Test_1601,0,0,0,1
Test_1602,0.902,0.005,0.054,0.039
Test_1603,0,0,1,0
Test_1604,0,0,1,0
Test_1605,0.088,0.17,0.066,0.676
Test_1606,0.039,0.172,0.781,0.008
Test_1607,0.023,0.534,0.147,0.296
Test_1608,0,0.006,0.994,0
Test_1609,0.001,0.023,0.971,0.006
Test_1610,1,0,0,0
Test_1611,0.064,0.068,0.001,0.867
Test_1612,0,0.025,0.973,0.002
Test_1613,0.013,0.641,0.279,0.067
Test_1614,0,0.003,0.997,0
Test_1615,0.001,0.002,0,0.996
Test_1616,0,0,1,0
Test_1617,0,0,1,0
Test_1618,0.185,0.083,0,0.732
Test_1619,0.035,0.081,0.009,0.875
Test_1620,0,0.001,0.998,0.001
Test_1621,0.022,0.036,0.001,0.941
Test_1622,0.998,0,0,0.002
Test_1623,0,0.754,0.008,0.238
Test_1624,0.997,0,0,0.003
Test_1625,0.01,0.03,0.91,0.05
Test_1626,0,0.001,0.999,0
Test_1627,0,0.118,0.876,0.006
Test_1628,0,0,1,0
Test_1629,0.004,0.024,0.003,0.969
Test_1630,0,0,0,1
Test_1631,0,0,1,0
Test_1632,0,0.032,0.962,0.006
Test_1633,0,0.001,0.999,0
Test_1634,0,0.006,0.993,0.001
Test_1635,0,0,1,0
Test_1636,0,0.55,0.445,0.005
Test_1637,0.428,0.016,0.387,0.17
Test_1638,0.977,0.002,0.008,0.013
Test_1639,0.004,0.363,0.001,0.632
Test_1640,0.879,0.006,0.113,0.001
Test_1641,0.004,0.004,0,0.992
Test_1642,0.994,0,0.002,0.003
Test_1643,0,0.006,0.993,0.001
Test_1644,0.001,0.011,0.987,0
Test_1645,0,0,1,0
Test_1646,0,0,1,0
Test_1647,0,0,1,0
Test_1648,0,0.002,0.998,0
Test_1649,0,0,1,0
Test_1650,0,0.023,0.959,0.017
Test_1651,0.534,0.043,0.032,0.392
Test_1652,0,0,1,0
Test_1653,0.026,0.632,0.21,0.132
Test_1654,0.357,0.347,0.047,0.25
Test_1655,0,0,0,1
Test_1656,0.001,0.018,0.961,0.02
Test_1657,0.396,0.09,0.5,0.014
Test_1658,0,0.015,0.984,0.001
Test_1659,0,0,1,0
Test_1660,0,0.001,0,0.999
Test_1661,0,0.048,0.943,0.008
Test_1662,0.991,0,0,0.008
Test_1663,0,0.004,0.995,0.001
Test_1664,0,0,0,1
Test_1665,0,0.019,0.978,0.002
Test_1666,0,0,0.999,0
Test_1667,0.998,0,0,0.001
Test_1668,0,0,0,1
Test_1669,0,0.003,0.997,0
Test_1670,0.004,0.008,0,0.988
Test_1671,0,0,1,0
Test_1672,0.001,0.12,0.001,0.878
Test_1673,0,0.011,0,0.988
Test_1674,0,0.02,0,0.98
Test_1675,0.975,0.002,0.02,0.003
Test_1676,0.14,0.139,0.002,0.718
Test_1677,0.71,0.056,0.002,0.232
Test_1678,0,0,1,0
Test_1679,0,0.018,0,0.982
Test_1680,0,0.001,0,0.999
Test_1681,0.009,0.385,0.018,0.588
Test_1682,0,0.014,0.984,0.002
Test_1683,0,0.041,0.948,0.011
Test_1684,0.997,0,0.002,0.001
Test_1685,1,0,0,0
Test_1686,0.974,0.003,0.008,0.015
Test_1687,0.058,0.494,0.247,0.201
Test_1688,0,0,1,0
Test_1689,0.899,0.004,0.026,0.071
Test_1690,0.022,0.01,0,0.969
Test_1691,0,0.002,0,0.998
Test_1692,0,0,0.999,0
Test_1693,0,0.148,0,0.852
Test_1694,0,0.002,0.998,0
Test_1695,0,0,1,0
Test_1696,0.019,0.026,0.005,0.949
Test_1697,0,0,1,0
Test_1698,0,0.001,0.998,0.001
Test_1699,0,0.001,0,0.999
Test_1700,0.998,0,0.001,0.001
Test_1701,0,0.003,0.997,0
Test_1702,0,0.021,0.978,0
Test_1703,0,0.019,0.975,0.005
Test_1704,1,0,0,0
Test_1705,0,0,1,0
Test_1706,0,0.011,0,0.989
Test_1707,0.001,0.089,0.895,0.015
Test_1708,0,0.004,0.996,0.001
Test_1709,0,0.002,0.998,0
Test_1710,0,0,1,0
Test_1711,0.358,0.314,0.123,0.204
Test_1712,0,0,1,0
Test_1713,0,0.001,0.998,0.001
Test_1714,0.003,0.873,0.055,0.068
Test_1715,0,0.002,0,0.998
Test_1716,0.824,0.007,0.094,0.075
Test_1717,0,0.001,0,0.999
Test_1718,0.999,0,0,0
Test_1719,0,0,1,0
Test_1720,0,0,1,0
Test_1721,0.001,0.004,0.995,0.001
Test_1722,0,0.001,0.999,0
Test_1723,0,0.003,0.995,0.002
Test_1724,0,0.001,0.999,0
Test_1725,0,0,1,0
Test_1726,0,0.058,0,0.942
Test_1727,0.946,0.001,0.053,0
Test_1728,0.002,0.731,0.229,0.037
Test_1729,0,0,1,0
Test_1730,0.997,0,0.001,0.002
Test_1731,0,0.002,0.997,0.001
Test_1732,0,0,1,0
Test_1733,0.147,0.425,0.308,0.12
Test_1734,0,0.006,0.991,0.003
Test_1735,0,0.002,0.998,0
Test_1736,0,0,0.999,0
Test_1737,0,0.01,0,0.989
Test_1738,0.002,0,0,0.998
Test_1739,0,0,0.999,0
Test_1740,0,0,1,0
Test_1741,0.01,0.527,0.006,0.458
Test_1742,0,0.002,0.998,0
Test_1743,0,0.014,0.984,0.001
Test_1744,0,0.002,0.997,0.001
Test_1745,0,0,1,0
Test_1746,0.02,0.656,0.191,0.133
Test_1747,0,0.001,0,0.999
Test_1748,0.009,0.289,0.687,0.015
Test_1749,0,0.005,0.994,0.001
Test_1750,0.002,0,0,0.997
Test_1751,0,0,0,1
Test_1752,0.682,0.011,0.164,0.143
Test_1753,0.997,0,0.001,0.002
Test_1754,0.999,0,0,0.001
Test_1755,0,0.001,0.999,0
Test_1756,0.003,0.041,0.95,0.005
Test_1757,0.006,0.016,0,0.978
Test_1758,0.997,0,0.001,0.001
Test_1759,0,0.007,0,0.993
Test_1760,0,0.002,0.997,0.001
Test_1761,0.999,0,0,0
Test_1762,0.001,0.008,0,0.991
Test_1763,0,0.001,0.999,0
Test_1764,0,0,1,0
Test_1765,0.927,0.002,0.001,0.07
Test_1766,0.446,0.195,0.319,0.039
Test_1767,0,0,1,0
Test_1768,0,0.001,0.999,0
Test_1769,0.993,0,0.004,0.003
Test_1770,0,0,0,1
Test_1771,0.009,0.477,0.451,0.062
Test_1772,0,0.013,0.987,0
Test_1773,0,0.001,0,0.999
Test_1774,0.972,0.003,0.024,0.002
Test_1775,0,0.029,0.961,0.01
Test_1776,0,0.006,0,0.994
Test_1777,0.003,0.004,0.993,0
Test_1778,0.925,0.004,0.057,0.013
Test_1779,0.002,0.011,0.986,0.001
Test_1780,0,0.011,0.989,0.001
Test_1781,0.001,0.262,0.72,0.017
Test_1782,0.006,0.026,0.954,0.014
Test_1783,0.003,0.294,0.662,0.041
Test_1784,0,0,1,0
Test_1785,0.337,0.002,0,0.66
Test_1786,0.997,0,0.001,0.002
Test_1787,0,0.006,0,0.994
Test_1788,1,0,0,0
Test_1789,0.985,0,0.009,0.006
Test_1790,0.998,0,0,0.002
Test_1791,0.992,0,0.003,0.005
Test_1792,0,0.003,0.996,0
Test_1793,0,0.002,0.997,0.001
Test_1794,0,0,1,0
Test_1795,0.849,0.013,0.054,0.084
Test_1796,0,0.001,0.999,0
Test_1797,0,0.004,0.994,0.002
Test_1798,1,0,0,0
Test_1799,0,0,0,0.999
Test_1800,0.892,0.008,0.096,0.004
Test_1801,0.071,0.376,0.092,0.461
Test_1802,0,0,1,0
Test_1803,0,0.001,0.999,0
Test_1804,0,0,1,0
Test_1805,0.999,0,0,0.001
Test_1806,0,0.002,0,0.998
Test_1807,0.57,0.063,0.002,0.366
Test_1808,0.063,0.022,0.008,0.906
Test_1809,0.994,0,0.001,0.004
Test_1810,0,0.009,0.988,0.003
Test_1811,0.482,0.096,0.023,0.399
Test_1812,0,0,1,0
Test_1813,0.04,0.012,0.001,0.947
Test_1814,0.001,0.062,0.937,0.001
Test_1815,0,0,1,0
Test_1816,0,0,1,0
Test_1817,0.006,0.822,0.086,0.086
Test_1818,0,0.001,0.999,0
Test_1819,0.998,0,0.002,0.001
Test_1820,0,0.482,0.003,0.514
